Entity,Id,PreviousOwnerType,PreviousOwnerId,PreviousBusinessUnit,NewTeamId,NewBusinessUnit,WrittenAtUtc
sprk_todo,0f32926a-0266-f111-ab0c-70a8a590c51c,systemuser,bb5a90e5-4ca8-f011-bbd3-7c1e5215b8b5,06fbf21c-1872-f011-b4cb-7c1e52671ad0,cf15f587-baa0-f111-aaac-000d3a99d1d7,cb15f587-baa0-f111-aaac-000d3a99d1d7,2026-10-02T21:09:51.7269665Z
sprk_todo,1432926a-0266-f111-ab0c-70a8a590c51c,systemuser,bb5a90e5-4ca8-f011-bbd3-7c1e5215b8b5,06fbf21c-1872-f011-b4cb-7c1e52671ad0,09fbf21c-1872-f011-b4cb-7c1e52671ad0,06fbf21c-1872-f011-b4cb-7c1e52671ad0,2026-10-02T21:09:52.8707888Z
sprk_todo,1732926a-0266-f111-ab0c-70a8a590c51c,systemuser,bb5a90e5-4ca8-f011-bbd3-7c1e5215b8b5,06fbf21c-1872-f011-b4cb-7c1e52671ad0,cf15f587-baa0-f111-aaac-000d3a99d1d7,cb15f587-baa0-f111-aaac-000d3a99d1d7,2026-10-02T21:09:53.5032265Z
sprk_todo,1832926a-0266-f111-ab0c-70a8a590c51c,systemuser,bb5a90e5-4ca8-f011-bbd3-7c1e5215b8b5,06fbf21c-1872-f011-b4cb-7c1e52671ad0,cf15f587-baa0-f111-aaac-000d3a99d1d7,cb15f587-baa0-f111-aaac-000d3a99d1d7,2026-10-02T21:09:53.9309982Z
sprk_todo,1b32926a-0266-f111-ab0c-70a8a590c51c,systemuser,bb5a90e5-4ca8-f011-bbd3-7c1e5215b8b5,06fbf21c-1872-f011-b4cb-7c1e52671ad0,09fbf21c-1872-f011-b4cb-7c1e52671ad0,06fbf21c-1872-f011-b4cb-7c1e52671ad0,2026-10-02T21:09:55.0408971Z
sprk_todo,9fb4ece2-397b-f111-ab0e-7ced8ddc4a05,systemuser,bb5a90e5-4ca8-f011-bbd3-7c1e5215b8b5,06fbf21c-1872-f011-b4cb-7c1e52671ad0,09fbf21c-1872-f011-b4cb-7c1e52671ad0,06fbf21c-1872-f011-b4cb-7c1e52671ad0,2026-10-02T21:09:55.6428211Z
sprk_todo,31c9680c-037c-f111-ab0e-7ced8ddc4a05,systemuser,bb5a90e5-4ca8-f011-bbd3-7c1e5215b8b5,06fbf21c-1872-f011-b4cb-7c1e52671ad0,09fbf21c-1872-f011-b4cb-7c1e52671ad0,06fbf21c-1872-f011-b4cb-7c1e52671ad0,2026-10-02T21:09:56.2419724Z
sprk_todo,33c9680c-037c-f111-ab0e-7ced8ddc4a05,systemuser,bb5a90e5-4ca8-f011-bbd3-7c1e5215b8b5,06fbf21c-1872-f011-b4cb-7c1e52671ad0,09fbf21c-1872-f011-b4cb-7c1e52671ad0,06fbf21c-1872-f011-b4cb-7c1e52671ad0,2026-10-02T21:09:56.9011732Z
sprk_todo,36c9680c-037c-f111-ab0e-7ced8ddc4a05,systemuser,bb5a90e5-4ca8-f011-bbd3-7c1e5215b8b5,06fbf21c-1872-f011-b4cb-7c1e52671ad0,09fbf21c-1872-f011-b4cb-7c1e52671ad0,06fbf21c-1872-f011-b4cb-7c1e52671ad0,2026-10-02T21:09:57.5732602Z
sprk_todo,6d67b203-049d-f111-b8de-7ced8ddc4cc6,systemuser,8793f4b0-01db-f011-8406-7c1e520aa4df,06fbf21c-1872-f011-b4cb-7c1e52671ad0,09fbf21c-1872-f011-b4cb-7c1e52671ad0,06fbf21c-1872-f011-b4cb-7c1e52671ad0,2026-10-02T21:09:58.1714048Z
